parentid,objectid,filename,format,title,holding,shelfmark,date,description,subject,location,transcription,translation,language,project
,parent00001,,compound_object,1765-11 - Schreiben des Obersthofmeisteramtes betreffend Erstellung eines jährlichen Verzeichnisses der Besoldungen und Pensionen der einzelnen Hofdepartements,"Haus-, Hof-, und Staatsarchiv - Vienna, Austria",HHStA HMK 1-1 1765-11,1765,Letter from the Obersthofmeister regarding the preparation of an annual list of salaries and pensions for the individual court departments.,taxes;court;musicians,"Vienna, Austria",,,ger,1765 tax article;diss ch1
parent00001,archive00001,archive00001.jpg,image/jpeg,1765-11.1,,,,,,,"Ich liebe dich, Mackenzie.","I love you, Mackenzie",,diss ch3
parent00001,archive00002,archive00002.jpg,image/jpeg,1765-11.2,,,,,,,Haydn ist cool.,Haydn is cool.,,diss ch4
parent00001,archive00003,archive00003.jpg,image/jpeg,1765-11.3,,,,,,,,,,
parent00001,archive00004,archive00004.jpg,image/jpeg,1765-11.4,,,,,,,,,,
parent00001,archive00005,archive00005.jpg,image/jpeg,1765-11.5,,,,,,,,,,
parent00001,archive00006,archive00006.jpg,image/jpeg,1765-11.6,,,,,,,,,,
parent00001,archive00007,archive00007.jpg,image/jpeg,1765-11.7,,,,,,,,,,
parent00001,archive00008,archive00008.jpg,image/jpeg,1765-11.8,,,,,,,Mackenzie ist perfekt.,Mackenzie is perfect.,,diss ch 5
parent00001,archive00009,archive00009.jpg,image/jpeg,1765-11.9,,,,,,,,,,
parent00001,archive00010,archive00010.jpg,image/jpeg,1765-11.10,,,,,,,,,,
parent00001,archive00011,archive00011.jpg,image/jpeg,1765-11.11,,,,,,,,,,
parent00001,archive00012,archive00012.jpg,image/jpeg,1765-11.12,,,,,,,,,,
parent00001,archive00013,archive00013.jpg,image/jpeg,1765-11.13,,,,,,,,,,
parent00001,archive00014,archive00014.jpg,image/jpeg,1765-11.14,,,,,,,,,,
parent00001,archive00015,archive00015.jpg,image/jpeg,1765-11.15,,,,,,,,,,
,parent00002,,compound_object,1764/5 - Schreiben des Obersthofmeisteramtes die Hofmusiker Christoph Praun und Gottlieb Muffat betreffend,"Haus-, Hof-, und Staatsarchiv - Vienna, Austria",HHStA HMK 1-1 1764-5,1764,Letter from the Obersthofmeister concerning the court musicians Christoph Praun and Gottlieb Muffat,Christoph Praun;Gottlieb Muffat,"Vienna, Austra",,,ger,1765 tax article;diss ch2
parent00002,archive00016,archive00016.jpg,image/jpeg,1764-5.1,,,,,,,Mackenzie ist schön.,Mackenzie is beautiful.,,
parent00002,archive00017,archive00017.jpg,image/jpeg,1764-5.2,,,,,,,Brahms ist dumm.,Brahms is dumb.,,
parent00002,archive00018,archive00018.jpg,image/jpeg,1764-5.3,,,,,,,,,,